ID,Branch,Department Name,Role
0192ab1c-a3a8-78d7-b08e-c1270695238c,,,Rom_Op_Role
0192ab1c-a3a5-7fb1-8a88-f9c8fd68b15a,,,Rom_HR_Role
0192ab1c-a3a3-7b8a-9eee-6c85f3ecd561,,,Rom_HR_Role
0192ab1c-a3a0-75bb-9720-06f3d2270cf1,,,Rom_Op_Role
0192ab1c-a39e-751e-ba29-f96af596ba09,,,Rom_Store_Role
0192ab1c-a39b-77bb-96a9-3aa9496f6706,,,Rom_HR_Role
0192ab1c-a399-7cd8-8299-974c94a63304,,,Rom_Op_Role
0192ab1c-a397-780f-bae2-999ce1f39645,,,Rom_Op_Role
0192ab1c-a396-7bc6-be94-db71bfdc4520,,,Rom_FB_Role
0192ab1c-a394-78f0-b168-ea62dcc4da9e,,,Rom_FB_Role
0192ab1c-a392-70cc-8d4b-fc0d85cf3545,,,Rom_FB_Role
0192ab1c-a390-79ff-aa36-6f5be567b49c,,,Rom_FB_Role
0192ab1c-a38d-7224-a072-2e8c13be5e08,,,Rom_FB_Role
0192ab1c-a38a-752b-aa02-2e1a7e386258,,,Rom_FB_Role
0192ab1c-a387-794a-9f53-5e7107543a5a,,,Rom_FB_Role
0192ab1c-a384-7c5b-a7a1-4d5b24868f5f,,,Rom_FB_Role
0192ab1c-a37e-709d-a546-fcbe80d22bf9,,,Rom_FB_Role
0192ab1c-a374-7678-99c5-813fc59871cc,,,Rom_FB_Role
